{
  "training_id": "19cd29c2-5076-4a24-b858-98fd54a738f9",
  "mission": "tess",
  "models": [
    "xgboost"
  ],
  "metrics": {
    "xgboost": {
      "accuracy": 0.8545326774420239,
      "precision": 0.8831372549019608,
      "recall": 0.9510135135135135,
      "specificity": 0.37656903765690375,
      "f1_score": 0.9158194387962586,
      "roc_auc": 0.8090120716951261,
      "pr_auc": 0.9468195962640894
    }
  },
  "feature_names": [
    "pl_orbper",
    "pl_trandep",
    "pl_rade",
    "st_teff",
    "st_logg",
    "st_rad",
    "pl_tranmid"
  ],
  "timestamp": "2025-09-23T17:42:13.070822"
}